,city,country,latitude,longitude,max_temp,humidity,cloudiness,windspeed,date
0,Chui,UY,-33.6971,-53.4616,56.16,67,1,8.01,1628879154
1,Hilo,US,19.7297,-155.09,76.12,83,40,5.75,1628879176
2,Lawrenceburg,US,38.0373,-84.8966,90.72,66,64,10.42,1628879176
3,Kapaa,US,22.0752,-159.319,80.92,76,40,3.0,1628879176
4,Kirakira,SB,-10.4544,161.9205,77.54,89,83,9.46,1628879177
5,Tuktoyaktuk,CA,69.4541,-133.0374,42.8,75,90,11.5,1628879177
6,Port Alfred,ZA,-33.5906,26.891,57.06,61,58,9.55,1628879177
7,Jamestown,US,42.097,-79.2353,83.08,85,75,7.0,1628879135
8,Kahama,TZ,-3.8333,32.6,75.88,40,83,1.86,1628879178
9,Punta Arenas,CL,-53.15,-70.9167,51.91,62,40,29.93,1628878972
10,Hithadhoo,MV,-0.6,73.0833,82.53,73,88,13.29,1628879178
11,Yellowknife,CA,62.456,-114.3525,64.92,68,75,12.66,1628879179
12,Hobart,AU,-42.8794,147.3294,46.06,73,44,3.0,1628879179
13,Qaanaaq,GL,77.484,-69.3632,43.09,57,1,5.82,1628879179
14,Khatanga,RU,71.9667,102.5,50.7,80,100,9.1,1628879179
15,Hermanus,ZA,-34.4187,19.2345,50.81,77,4,14.85,1628879180
16,Līgatne,LV,57.2343,25.0406,64.26,85,90,5.53,1628879180
17,Bredasdorp,ZA,-34.5322,20.0403,50.29,81,5,5.75,1628879180
18,Gaomi,CN,36.3833,119.7528,69.58,91,49,5.77,1628879181
19,Lavrentiya,RU,65.5833,-171.0,43.54,81,100,7.05,1628879181
20,Atherton,GB,53.5237,-2.4935,69.44,64,28,11.12,1628879084
21,Esperance,AU,-33.8667,121.9,40.84,51,2,10.45,1628879181
22,Oruzgan,AF,32.8333,66.0,75.76,12,0,1.57,1628879182
23,Sterling,US,39.0062,-77.4286,100.11,48,75,3.0,1628879178
24,Zavodouspenskoye,RU,56.8626,65.0155,62.82,62,85,2.75,1628879182
25,Saint George,US,37.1041,-113.5841,99.54,31,1,1.01,1628879086
26,Ribeira Grande,PT,38.5167,-28.7,75.6,88,75,11.5,1628879183
27,Hong Kong,HK,22.2855,114.1577,85.32,87,100,1.01,1628878986
28,Rikitea,PF,-23.1203,-134.9692,73.9,79,17,6.71,1628879183
29,Dhidhdhoo,MV,6.8833,73.1,82.6,74,94,16.51,1628879183
30,Cape Town,ZA,-33.9258,18.4232,54.88,67,0,4.0,1628878893
31,Itoman,JP,26.1247,127.6694,81.37,96,40,14.97,1628879184
32,Atar,MR,20.5169,-13.0499,111.24,7,22,20.27,1628879184
33,Touros,BR,-5.1989,-35.4608,81.5,65,43,19.19,1628879010
34,Marsá Maţrūḩ,EG,31.3525,27.2453,79.86,76,0,11.63,1628879184
35,Isangel,VU,-19.55,169.2667,64.51,82,40,6.91,1628879185
36,Kamenka,RU,51.3223,42.7678,65.21,91,100,12.62,1628879185
37,Kaitangata,NZ,-46.2817,169.8464,42.51,82,46,8.95,1628879185
38,Vaini,TO,-21.2,-175.2,64.56,94,75,4.61,1628879185
39,Puerto Baquerizo Moreno,EC,-0.9,-89.6,68.99,76,79,12.39,1628879186
40,Busselton,AU,-33.65,115.3333,48.04,85,64,2.82,1628879186
41,Leningradskiy,RU,69.3833,178.4167,40.44,96,100,2.95,1628879186
42,Ushuaia,AR,-54.8,-68.3,37.06,93,75,12.66,1628878903
43,Belvedere Marittimo,IT,39.6179,15.8617,79.93,69,0,1.43,1628879187
44,Imeni Poliny Osipenko,RU,52.4201,136.4853,53.65,90,45,3.47,1628879187
45,Tiksi,RU,71.6872,128.8694,43.38,77,100,5.19,1628879187
46,Atuona,PF,-9.8,-139.0333,77.22,77,7,18.45,1628879188
47,Petropavlovsk-Kamchatskiy,RU,53.0452,158.6483,39.79,100,75,2.24,1628879188
48,Port Angeles,US,48.1181,-123.4307,89.71,55,1,9.22,1628879122
49,Healdsburg,US,38.6105,-122.8692,98.1,29,28,3.98,1628879129
50,Rocha,UY,-34.4833,-54.3333,57.42,59,0,7.05,1628879066
51,Chokurdakh,RU,70.6333,147.9167,43.57,77,77,20.02,1628879188
52,Cidreira,BR,-30.1811,-50.2056,60.15,80,99,13.62,1628879189
53,Bethel,US,41.3712,-73.414,96.08,57,20,1.99,1628879189
54,Narsaq,GL,60.9167,-46.05,64.62,69,80,4.5,1628879189
55,Sorong,ID,-0.8833,131.25,77.5,85,100,3.56,1628879190
56,Honningsvåg,NO,70.9821,25.9704,51.55,76,20,14.97,1628879190
57,Buala,SB,-8.145,159.5921,78.01,82,78,3.76,1628879190
58,São Filipe,CV,14.8961,-24.4956,77.32,75,65,13.13,1628879191
59,Puerto Ayora,EC,-0.7393,-90.3518,76.96,71,89,12.21,1628879191
60,Opuwo,NA,-18.0607,13.84,71.49,24,28,5.66,1628879191
61,Paamiut,GL,61.994,-49.6678,45.28,90,91,22.41,1628879191
62,Butaritari,KI,3.0707,172.7902,81.72,76,35,9.73,1628879192
63,Norman Wells,CA,65.282,-126.8329,62.64,77,75,4.61,1628879192
64,Province of Mantua,IT,45.1667,10.7833,92.71,66,18,1.01,1628879192
65,Kiryat Gat,IL,31.61,34.7642,85.41,45,0,6.06,1628879193
66,East London,ZA,-33.0153,27.9116,50.94,93,20,6.91,1628879193
67,Pindi Bhattian,PK,31.8978,73.273,95.47,33,5,5.55,1628879193
68,Gao,ML,16.6362,1.637,90.79,40,85,4.21,1628879193
69,Lagoa,PT,39.05,-27.9833,73.94,77,43,2.44,1628879194
70,Nanortalik,GL,60.1432,-45.2371,49.46,86,34,2.62,1628879194
71,Thompson,CA,55.7435,-97.8558,62.76,48,75,17.27,1628879194
72,Ostrovnoy,RU,68.0531,39.5131,52.61,95,100,8.21,1628879195
73,Ilulissat,GL,69.2167,-51.1,53.62,50,75,16.11,1628879195
74,Gornyak,RU,50.9942,81.4661,56.12,91,100,10.31,1628879195
75,Karratha,AU,-20.7377,116.8463,65.62,35,0,11.54,1628879195
76,Ponta do Sol,PT,32.6667,-17.1,76.71,74,1,3.67,1628879196
77,San Miguel de Tucumán,AR,-26.8241,-65.2226,62.6,25,0,3.44,1628879040
78,Pisco,PE,-13.7,-76.2167,66.02,77,1,12.66,1628879196
79,Puerto Ayacucho,VE,5.6639,-67.6236,84.2,74,77,4.07,1628879196
80,Trencin,SK,48.8333,18.25,75.61,75,11,3.09,1628878929
81,Bluff,NZ,-46.6,168.3333,42.8,85,72,28.34,1628879197
82,Cayenne,GF,4.9333,-52.3333,79.09,86,75,1.01,1628879197
83,Bāglung,NP,28.2719,83.5898,71.85,95,93,2.01,1628879197
84,Acapulco de Juárez,MX,16.8634,-99.8901,87.62,66,75,6.91,1628879010
85,Hegang,CN,47.4,130.3667,58.53,83,58,2.57,1628879198
86,Carnarvon,AU,-24.8667,113.6333,51.87,65,0,9.22,1628879198
87,Mataura,NZ,-46.1927,168.8643,42.48,97,52,11.43,1628879198
88,Aripuanã,BR,-9.1667,-60.6333,101.34,17,37,2.89,1628879199
89,Grand Gaube,MU,-20.0064,57.6608,68.38,84,12,3.0,1628879199
90,Lorengau,PG,-2.0226,147.2712,81.32,76,88,8.88,1628879199
91,George Town,MY,5.4112,100.3354,78.89,93,20,3.44,1628879200
92,Saint Paul Harbor,US,57.79,-152.4072,56.71,54,1,12.66,1628878988
93,Lebu,CL,-37.6167,-73.65,52.3,69,0,6.02,1628879200
94,Buraidah,SA,26.326,43.975,102.65,11,19,11.99,1628879200
95,Okhotsk,RU,59.3833,143.3,54.54,93,12,1.16,1628879201
96,Castro,BR,-24.7911,-50.0119,50.38,98,100,5.97,1628879201
97,San Cristobal,VE,7.7669,-72.225,80.78,54,79,6.24,1628879201
98,Jiangyou,CN,31.7667,104.7167,74.16,85,99,0.89,1628879201
99,Severo-Kuril'sk,RU,50.6789,156.125,52.72,92,7,7.56,1628879202
100,Amahai,ID,-3.3333,128.9167,77.0,88,80,2.93,1628879202
101,Fort Saint James,CA,54.4333,-124.25,81.25,35,0,2.91,1628879202
102,Husavik,IS,66.0449,-17.3389,55.31,77,77,4.85,1628879203
103,Vestmannaeyjar,IS,63.4427,-20.2734,55.74,89,36,6.89,1628879203
104,Dunedin,NZ,-45.8742,170.5036,48.79,46,37,4.0,1628879203
105,Ténenkou,ML,14.4572,-4.9169,91.08,45,70,10.25,1628879203
106,Mehamn,NO,71.0357,27.8492,51.98,92,94,13.4,1628879204
107,Bozeman,US,45.6796,-111.0386,75.69,35,1,4.61,1628878948
108,Alice Springs,AU,-23.7,133.8833,40.55,42,1,4.61,1628878976
109,Albany,US,42.6001,-73.9662,91.76,60,54,4.0,1628879204
110,Rawson,AR,-43.3002,-65.1023,65.37,21,0,9.73,1628879204
111,Salinópolis,BR,-0.6136,-47.3561,81.45,83,60,14.5,1628879205
112,Kumul,CN,42.8,93.45,87.3,20,82,13.04,1628879205
113,Berlevåg,NO,70.8578,29.0864,52.07,94,99,8.03,1628879205
114,Igrim,RU,63.1906,64.4162,62.91,64,97,6.02,1628879206
115,Dikson,RU,73.5069,80.5464,44.1,100,100,2.68,1628879206
116,Tambura,SS,5.6,27.4667,70.41,92,74,4.92,1628879206
117,La Rioja,ES,42.25,-2.5,87.58,31,3,5.75,1628879207
118,Tuatapere,NZ,-46.1333,167.6833,42.82,84,84,17.9,1628879207
119,Manta,EC,-0.95,-80.7333,73.18,88,90,8.05,1628879208
120,Derzhavīnsk,KZ,51.1,66.3167,59.76,48,36,8.08,1628879208
121,Pangnirtung,CA,66.1451,-65.7125,53.6,87,75,6.91,1628879208
122,Hobyo,SO,5.3505,48.5268,76.73,86,92,26.24,1628879208
123,Avarua,CK,-21.2078,-159.775,68.05,94,90,3.44,1628879093
124,Karpathos,GR,35.507,27.2132,78.76,89,0,23.02,1628879209
125,Centerville,US,39.6284,-84.1594,91.38,61,20,5.99,1628879209
126,Faanui,PF,-16.4833,-151.75,78.48,69,65,10.63,1628879209
127,Vostok,RU,46.4856,135.8833,56.43,71,90,2.8,1628879210
128,Teleneşti,MD,47.4997,28.3656,72.09,51,21,2.01,1628879210
129,Naryan-Mar,RU,67.6713,53.087,58.73,99,100,7.83,1628879210
130,Ngunguru,NZ,-35.6167,174.5,48.16,84,54,8.03,1628879211
131,Pacific Grove,US,36.6177,-121.9166,85.8,82,1,1.99,1628879211
132,Rassvet,RU,46.8333,40.75,74.17,88,100,2.46,1628879211
133,Naze,JP,28.3667,129.4833,78.06,87,69,19.13,1628879086
134,Geraldton,AU,-28.7667,114.6,45.01,93,0,8.05,1628879212
135,Port Elizabeth,ZA,-33.918,25.5701,50.29,66,20,3.44,1628879212
136,Hasaki,JP,35.7333,140.8333,77.4,92,100,27.54,1628879212
137,Khovd,MN,48.0056,91.6419,63.32,56,93,5.01,1628879212
138,Bac Lieu,VN,9.285,105.7244,79.99,85,100,6.87,1628879213
139,Mossamedes,AO,-15.1961,12.1522,63.0,86,32,7.23,1628879213
140,Shirokiy,RU,49.758,129.523,58.46,87,68,3.83,1628879213
141,Buchanan,LR,5.8808,-10.0467,80.56,75,100,12.64,1628879214
142,Provideniya,RU,64.3833,-173.3,44.24,79,100,6.46,1628879214
143,Batemans Bay,AU,-35.7167,150.1833,42.91,75,0,4.65,1628879214
144,Longyearbyen,SJ,78.2186,15.6401,44.44,65,75,11.5,1628879214
145,Uglovka,RU,58.2392,33.5108,58.01,86,33,6.58,1628879215
146,Barrow,US,71.2906,-156.7887,37.42,87,90,11.5,1628879215
147,Tasiilaq,GL,65.6145,-37.6368,53.76,64,91,7.43,1628879215
148,Nikolskoye,RU,59.7035,30.7861,67.01,74,0,5.48,1628879216
149,Preeceville,CA,51.95,-102.6677,73.0,32,48,12.53,1628879216
150,Torbay,CA,47.6666,-52.7314,71.28,86,75,17.27,1628879216
151,Kidal,ML,18.4411,1.4078,97.38,26,59,1.48,1628879169
152,Vodnyy,RU,63.5046,53.4095,74.59,56,58,12.26,1628879217
153,Yuancheng,CN,36.652,107.7896,64.53,86,48,6.91,1628879217
154,Tocopilla,CL,-22.092,-70.1979,66.04,65,12,10.83,1628879217
155,Punta Umbría,ES,37.1821,-6.9661,81.86,61,14,6.24,1628879217
156,Kushima,JP,31.4583,131.2333,77.81,92,100,8.55,1628879218
157,Margate,GB,51.3813,1.3862,70.92,72,81,1.99,1628879218
158,Cockburn Town,TC,21.4612,-71.1419,82.92,77,100,18.3,1628879218
159,Shemgang,BT,27.2169,90.6579,61.65,97,100,2.8,1628879219
160,Lashio,MM,22.9333,97.75,69.64,99,100,1.32,1628879219
161,‘Ewa Beach,US,21.3156,-158.0072,82.35,70,1,3.44,1628879070
162,Oceanside,US,33.1959,-117.3795,98.02,53,1,5.01,1628879219
163,Yumen,CN,40.2833,97.2,76.68,21,32,8.75,1628879220
164,Aklavik,CA,68.2191,-135.0107,43.63,87,90,5.75,1628879220
165,Port-Gentil,GA,-0.7193,8.7815,78.76,83,90,9.22,1628879220
166,Mlowo,TZ,-9.0,32.9833,59.63,63,2,5.06,1628879220
167,New Norfolk,AU,-42.7826,147.0587,45.72,70,60,1.01,1628879221
168,Cherskiy,RU,68.75,161.3,51.62,94,93,8.41,1628879221
169,Upernavik,GL,72.7868,-56.1549,43.57,92,100,9.01,1628879221
170,Ranong,TH,9.9658,98.6348,79.45,88,100,10.29,1628879222
171,Isla Mujeres,MX,21.2311,-86.731,91.45,65,3,9.4,1628879222
172,Pevek,RU,69.7008,170.3133,37.94,99,100,11.7,1628879222
173,Saskylakh,RU,71.9167,114.0833,48.15,73,99,7.61,1628879223
174,Shubarkuduk,KZ,49.1447,56.4872,71.33,22,76,8.19,1628879223
175,Baker City,US,44.7749,-117.8344,84.16,29,20,0.0,1628879223
176,Bereda,ES,43.2686,-7.5406,76.41,84,0,6.13,1628879223
177,Strezhevoy,RU,60.7333,77.5889,57.18,71,80,3.91,1628879224
178,Bengkulu,ID,-3.8004,102.2655,75.76,90,55,4.54,1628879224
179,Marawi,PH,7.9986,124.2928,66.65,93,100,2.59,1628879224
180,Jalu,LY,29.0331,21.5482,95.85,23,0,15.14,1628879224
181,Gela,IT,37.0803,14.2307,87.58,89,0,3.44,1628879225
182,Freeport,US,40.6576,-73.5832,99.3,55,1,7.0,1628879179
183,Tura,IN,25.5198,90.2201,75.02,98,100,4.79,1628879225
184,Bambous Virieux,MU,-20.3428,57.7575,68.22,88,20,6.91,1628879226
185,Port Macquarie,AU,-31.4333,152.9167,49.96,100,75,2.3,1628879226
186,Chopovychi,UA,50.8332,28.9533,64.74,59,4,5.66,1628879226
187,Alikovo,RU,55.7383,46.7549,67.87,88,100,7.92,1628879226
188,Chiredzi,ZW,-21.05,31.6667,62.29,74,97,13.58,1628879227
189,Celestún,MX,20.8667,-90.4,87.22,61,21,12.17,1628879227
190,Verāval,IN,20.9,70.3667,81.34,80,100,13.09,1628879227
191,Talnakh,RU,69.4865,88.3972,54.63,76,100,6.22,1628879228
192,Esso,RU,55.9333,158.7,53.74,94,66,3.22,1628879228
193,Iqaluit,CA,63.7506,-68.5145,42.53,100,75,11.5,1628879228
194,Cabo San Lucas,MX,22.8909,-109.9124,91.62,71,40,4.0,1628879107
195,Padang,ID,-0.9492,100.3543,77.36,88,72,3.22,1628879229
196,Les Cayes,HT,18.2,-73.75,85.03,72,98,8.52,1628879229
197,Chibombo,ZM,-14.6569,28.0706,67.82,24,0,7.4,1628879229
198,Lompoc,US,34.6391,-120.4579,89.22,58,1,3.44,1628879229
199,Tadotsu,JP,34.275,133.75,77.38,88,100,7.11,1628879230
200,Vila Franca do Campo,PT,37.7167,-25.4333,77.41,69,4,9.73,1628879230
201,Kruisfontein,ZA,-34.0033,24.7314,46.89,82,14,4.5,1628879230
202,Medowie,AU,-32.7333,151.8667,55.69,98,40,8.05,1628879231
203,Ariquemes,BR,-9.9133,-63.0408,100.22,19,42,3.4,1628878934
204,Mezen',RU,65.8522,44.24,62.01,99,100,5.53,1628879231
205,East Kilbride,GB,55.7667,-4.1667,61.47,74,19,5.01,1628879062
206,Misratah,LY,32.3754,15.0925,83.95,66,0,9.69,1628879231
207,Ostrów Mazowiecka,PL,52.8024,21.8951,67.62,68,72,7.61,1628879232
208,Deputatsky,RU,69.3,139.9,43.86,91,98,5.12,1628879232
209,Gaoual,GN,11.75,-13.2,77.85,89,100,5.5,1628879232
210,Baiyin,CN,36.5583,104.2081,65.28,52,78,4.14,1628879232
211,Iberia,US,29.9502,-91.7507,88.99,83,20,3.44,1628879233
212,Mahébourg,MU,-20.4081,57.7,68.25,88,20,6.91,1628879233
213,Santiago,CL,-33.4569,-70.6483,60.24,43,0,4.61,1628879153
214,Mosquera,CO,4.7059,-74.2302,60.89,67,75,8.05,1628879234
215,Camacha,PT,33.0833,-16.3333,72.36,73,40,14.97,1628879234
216,Saint-Philippe,RE,-21.3585,55.7679,71.15,80,19,5.77,1628879234
217,Beckley,US,37.7782,-81.1882,87.06,62,20,1.99,1628879234
218,Pendências,BR,-5.26,-36.7222,86.88,53,47,17.11,1628879235
219,Aquidauana,BR,-20.4711,-55.7872,90.48,28,32,3.47,1628879235
220,Thoen,TH,17.6129,99.2161,76.89,97,100,2.8,1628879235
221,Katsuura,JP,35.1333,140.3,78.91,91,100,27.18,1628879236
222,Squinzano,IT,40.4365,18.0418,89.74,50,0,7.81,1628879236
223,Faya,SA,18.3851,42.4509,71.71,49,84,3.96,1628879236
224,Nouakchott,MR,18.0858,-15.9785,85.93,68,41,16.89,1628879236
225,North Bend,US,43.4065,-124.2243,70.92,77,1,10.36,1628879237
226,Kosh-Agach,RU,50.0,88.6667,48.88,80,84,5.1,1628879237
227,Byron Bay,AU,-28.65,153.6167,58.87,93,26,8.21,1628879083
228,Kurtamysh,RU,54.9103,64.4319,59.47,50,82,1.14,1628879237
229,Sovetskiy,RU,61.3614,63.5842,60.94,68,60,5.86,1628879238
230,Guaporé,BR,-28.8456,-51.8903,64.13,76,77,4.09,1628879238
231,Jacksonville,US,30.3322,-81.6556,94.98,64,75,1.01,1628879215
232,Ranau,MY,5.9538,116.6641,70.45,96,100,0.92,1628879238
233,Launceston,AU,-41.45,147.1667,42.44,85,21,1.99,1628879239
234,Oodweyne,SO,9.4092,45.064,85.01,32,86,13.67,1628879239
235,Malanville,BJ,11.8685,3.3899,74.79,90,100,6.38,1628879239
236,Pingzhuang,CN,42.0372,119.2889,60.42,78,8,2.06,1628879240
237,Roald,NO,62.5833,6.1333,64.17,82,75,9.22,1628879240
238,Liuzhou,CN,24.3126,109.3892,80.4,85,100,6.96,1628879200
239,Kavieng,PG,-2.5744,150.7967,81.37,78,100,10.83,1628879240
240,Guerrero Negro,MX,27.9769,-114.0611,83.37,63,2,9.89,1628879241
241,Hanumāngarh,IN,29.5833,74.3167,95.36,31,74,9.04,1628879241
242,Coquimbo,CL,-29.9533,-71.3436,55.13,71,20,11.5,1628879241
243,Kahului,US,20.8947,-156.47,78.82,86,40,9.22,1628879241
244,Ubari,LY,26.5921,12.7805,98.17,13,0,15.23,1628879242
245,Egvekinot,RU,66.3167,-179.1667,41.09,94,90,6.69,1628879242
246,Mount Gambier,AU,-37.8333,140.7667,46.31,100,75,8.05,1628879221
247,Popondetta,PG,-8.7537,148.2534,72.09,97,100,2.15,1628879242
248,Molina,CL,-35.1167,-71.2833,51.53,62,0,8.05,1628879243
249,Port Blair,IN,11.6667,92.75,82.31,81,100,14.76,1628879243
250,Shangrao,CN,28.4532,117.9686,77.99,93,100,1.25,1628879243
251,Cascas,PE,-7.4833,-78.8167,87.58,42,93,11.36,1628879244
252,Panama City,PA,8.9936,-79.5197,84.15,89,40,8.05,1628879244
253,Lishui,CN,28.4604,119.9103,77.52,96,100,1.77,1628879244
254,Constitución,CL,-35.3333,-72.4167,56.34,66,6,8.81,1628879245
255,Manassas,US,38.751,-77.4753,99.91,46,33,3.0,1628879027
256,Beloha,MG,-25.1667,45.05,67.35,84,23,14.54,1628879245
257,Muros,ES,42.7762,-9.0603,83.14,53,6,11.05,1628879245
258,Māngrol,IN,21.1167,70.1167,81.23,80,100,14.09,1628879246
259,Micheweni,TZ,-4.9667,39.8333,76.01,83,20,13.94,1628879246
260,Anchorage,US,61.2181,-149.9003,57.85,93,90,3.44,1628879073
261,Port-Cartier,CA,50.0334,-66.8654,72.93,65,63,6.08,1628879246
262,Kenai,US,60.5544,-151.2583,58.14,80,40,4.61,1628879246
263,Krasnosel'kup,RU,65.7,82.4667,55.62,92,100,7.52,1628879247
264,Dodge City,US,37.7528,-100.0171,78.26,77,20,3.0,1628879247
265,Saint Anthony,US,45.0205,-93.218,79.11,34,1,1.01,1628879247
266,Ternate,ID,0.8,127.4,79.83,80,100,2.98,1628879248
267,Rengāli,IN,21.6333,84.05,82.58,72,100,3.38,1628879248
268,Flinders,AU,-34.5833,150.8552,49.05,79,0,1.99,1628879248
269,Piaçabuçu,BR,-10.4056,-36.4344,77.34,69,16,10.87,1628879249
270,Bathsheba,BB,13.2167,-59.5167,88.41,74,40,16.11,1628879249
271,Labytnangi,RU,66.6572,66.4183,59.94,93,100,2.95,1628879249
272,Kavaratti,IN,10.5669,72.642,81.68,75,88,19.06,1628879249
273,Stykkisholmur,IS,65.0757,-22.7297,57.07,76,37,8.77,1628879250
274,Mahibadhoo,MV,3.7833,72.9667,82.9,69,82,16.26,1628879250
275,Mar del Plata,AR,-38.0023,-57.5575,53.62,54,0,10.36,1628879250
276,Saint-Pierre,RE,-21.3393,55.4781,71.24,80,0,5.75,1628879251
277,Lake Shasta,US,40.6804,-122.3708,86.16,19,3,3.76,1628879251
278,Corinth,GR,37.9407,22.9573,88.41,40,0,4.12,1628879247
279,Iralaya,HN,15.0,-83.2333,87.89,68,100,7.31,1628879251
280,Taltal,CL,-25.4,-70.4833,63.18,60,4,8.14,1628879251
281,Ondo,NG,7.1,4.8333,71.83,98,97,3.42,1628879252
282,Necochea,AR,-38.5473,-58.7368,62.04,42,0,9.48,1628879252
283,Pingliang,CN,35.5392,106.6861,59.58,93,37,3.24,1628879252
284,Nome,US,64.5011,-165.4064,42.87,70,90,5.75,1628879252
285,Havre-St-Pierre,CA,50.2334,-63.5986,75.56,78,75,8.05,1628879253
286,Arrondissement du Havre,FR,49.5833,0.3333,72.48,77,0,4.61,1628879253
287,Dwārka,IN,22.2394,68.9678,81.39,78,100,15.55,1628879253
288,Syracuse,IT,37.0881,15.2792,87.39,65,2,9.75,1628879254
289,Nhulunbuy,AU,-12.2333,136.7667,75.81,83,75,8.05,1628879254
290,Arraial do Cabo,BR,-22.9661,-42.0278,67.86,83,75,13.8,1628879254
291,Ust-Maya,RU,60.4167,134.5333,62.6,72,61,2.24,1628879255
292,Auki,SB,-8.7676,160.7034,75.85,89,84,4.79,1628879255
293,Zhangdian,CN,34.2,119.3,70.34,94,99,4.68,1628879255
294,Yulara,AU,-25.2406,130.9889,49.84,34,0,6.91,1628879255
295,College,US,64.8569,-147.8028,55.72,87,75,0.0,1628879064
296,Black River,JM,18.0264,-77.8487,86.0,58,83,13.44,1628879256
297,Fare,PF,-16.7,-151.0167,78.69,69,73,14.36,1628879256
298,Vao,NC,-22.6667,167.4833,65.91,62,81,16.2,1628879256
299,Christchurch,NZ,-43.5333,172.6333,45.48,100,9,5.75,1628879257
300,San José Iturbide,MX,21.0,-100.3833,75.6,53,45,5.82,1628879257
301,Hope,US,33.6671,-93.5916,94.35,41,7,4.25,1628879257
302,Simpang,ID,-1.2667,104.0833,73.94,94,80,3.24,1628879258
303,Raton,US,36.9034,-104.4391,79.05,50,20,4.61,1628879258
304,Frânceşti,RO,45.0,24.1,71.83,47,21,2.55,1628879258
305,San Quintín,MX,30.4833,-115.95,79.66,56,6,12.53,1628879258
306,Dalby,AU,-27.1833,151.2667,50.7,78,90,3.58,1628879259
307,Kishtwār,IN,33.3167,75.7667,64.87,92,36,2.15,1628879259
308,Manoel Urbano,BR,-8.8389,-69.2597,96.93,24,9,2.64,1628879259
309,Sol'-Iletsk,RU,51.1631,54.9918,66.15,28,31,4.9,1628879260
310,Posse,BR,-14.0931,-46.3694,87.94,16,4,7.49,1628879260
311,Port Hardy,CA,50.6996,-127.4199,66.38,77,20,3.44,1628879260
312,Dutlwe,BW,-23.9833,23.9,62.51,24,5,6.29,1628879260
313,Vila Velha,BR,-20.3297,-40.2925,78.75,61,0,11.5,1628878965
314,Sitka,US,57.0531,-135.33,62.49,82,90,21.85,1628879261
315,Kakonko,TZ,-3.2828,30.9642,75.07,49,89,4.12,1628879261
316,Ayagoz,KZ,47.9714,80.4392,57.72,78,91,14.72,1628879261
317,Raja,SS,8.4596,25.678,75.49,79,94,5.35,1628879262
318,Arrondissement de Lannion,FR,48.75,-3.4167,66.15,77,0,5.75,1628879262
319,Udachny,RU,66.4167,112.4,47.75,82,83,8.5,1628879262
320,Aykhal,RU,66.0,111.5,45.19,91,73,7.87,1628879263
321,Hengyang,CN,26.8881,112.615,72.81,95,100,7.34,1628879263
322,Kangaatsiaq,GL,68.3065,-53.4641,44.92,87,100,2.77,1628879263
323,West Richland,US,46.3043,-119.3614,94.57,28,1,3.44,1628879185
324,San Policarpo,PH,12.1791,125.5072,78.49,86,68,2.46,1628879264
325,Āwash,ET,8.9833,40.1667,82.62,48,70,3.47,1628879264
326,Airai,TL,-8.9266,125.4092,56.03,54,6,3.44,1628879264
327,Lapeer,US,43.0514,-83.3188,83.75,54,40,6.91,1628879264
328,Laguna,US,38.421,-121.4238,99.64,51,1,3.44,1628879062
329,Jos,NG,9.9167,8.9,65.1,96,89,5.3,1628879265
330,Honiara,SB,-9.4333,159.95,76.78,88,84,4.5,1628879265
331,Yangi Marg`ilon,UZ,40.4272,71.7189,83.12,21,52,23.02,1628879265
332,Bodden Town,KY,19.2833,-81.25,87.8,70,40,2.3,1628879266
333,Monte Alegre,BR,-2.0078,-54.0692,93.11,44,90,6.22,1628879266
334,Jatāra,IN,25.0167,79.05,81.36,75,100,8.1,1628879266
335,Bubaque,GW,11.2833,-15.8333,79.54,81,100,11.61,1628879266
336,Srandakan,ID,-7.9386,110.2506,76.15,87,54,5.79,1628879267
337,Erzurum Province,TR,40.0,41.5,58.68,75,69,7.27,1628879267
338,Shimoda,JP,34.6667,138.95,78.91,92,100,23.78,1628879267
339,Half Moon Bay,US,37.4636,-122.4286,86.14,65,20,1.01,1628879268
340,Halifax,CA,44.6453,-63.5724,87.53,73,45,3.0,1628879208
341,Nouadhibou,MR,20.931,-17.0347,75.18,73,2,20.71,1628879268
342,Ismailia,EG,30.6043,32.2723,84.07,50,1,10.92,1628879268
343,Jutaí,BR,-5.1833,-68.9,97.47,27,48,3.58,1628879269
344,Aswān,EG,24.0934,32.907,97.0,13,3,9.33,1628879269
345,Kawalu,ID,-7.3817,108.2082,71.56,96,94,2.04,1628879269
346,Turbat,PK,26.0023,63.044,82.27,72,2,5.77,1628879270
347,Borogontsy,RU,62.6683,131.1683,58.21,60,56,3.31,1628879270
348,Volot,RU,57.9278,30.7025,60.01,79,58,6.33,1628879270
349,Fortuna,US,40.5982,-124.1573,66.97,81,1,11.5,1628879271
350,Bisira,PA,8.5196,-81.7115,68.22,79,99,2.08,1628879271
351,Vágur,FO,61.4732,-6.8119,52.9,88,50,13.98,1628879271
352,Mandalgovi,MN,45.7625,106.2708,61.36,64,5,3.87,1628879272
353,Vuktyl,RU,63.8567,57.3094,70.2,55,81,11.99,1628879272
354,Arcata,US,40.8665,-124.0828,67.24,79,1,4.0,1628879272
355,Qandala,SO,11.472,49.8728,89.13,51,12,5.23,1628879272
356,Norwich,GB,52.6278,1.2983,71.47,63,20,12.66,1628879035
357,Kīhei,US,20.785,-156.4656,78.82,87,40,9.22,1628879273
358,Karlstad,SE,59.3793,13.5036,59.56,94,20,5.75,1628879273
359,Songjianghe,CN,42.1859,127.479,55.11,99,28,2.26,1628879273
360,Yaan,NG,7.3833,8.5667,75.42,88,54,4.47,1628879274
361,Ust'-Koksa,RU,50.2696,85.6108,48.52,93,65,1.12,1628879274
362,Yantongshan,CN,43.2919,126.0094,64.49,91,100,2.84,1628879274
363,Orlik,RU,52.5178,99.825,53.17,89,19,1.54,1628879274
364,Sydney,AU,-33.8679,151.2073,51.28,80,0,1.01,1628878550
365,Souillac,MU,-20.5167,57.5167,68.36,88,20,6.91,1628879275
366,Pucallpa,PE,-8.3791,-74.5539,84.24,61,75,6.91,1628879275
367,Pio XII,BR,-3.8325,-45.1525,94.41,36,70,4.99,1628879275
368,Calama,CL,-22.4667,-68.9333,70.29,11,1,23.02,1628879276
369,Dubna,RU,56.7333,37.1667,59.72,81,15,6.13,1628879276
370,Nogliki,RU,51.8333,143.1667,53.78,91,87,8.41,1628879276
371,Santa Catalina,PH,9.3337,122.8637,79.38,82,84,1.12,1628879276
372,Baie-Saint-Paul,CA,47.4411,-70.4986,89.06,55,12,20.0,1628879277
373,East Angus,CA,45.4834,-71.6658,89.82,48,40,11.5,1628879277
374,Agadir,MA,30.4202,-9.5982,77.45,48,12,5.5,1628879277
375,Sistranda,NO,63.7256,8.834,59.9,89,99,11.21,1628879278
376,Kudahuvadhoo,MV,2.6708,72.8944,82.85,71,59,16.75,1628879278
377,Balabac,PH,7.9868,117.0645,81.72,79,100,6.62,1628879278
378,Varna,BG,43.2167,27.9167,71.74,64,0,4.61,1628879279
379,Saldanha,ZA,-33.0117,17.9442,51.85,66,0,10.6,1628879279
380,Urambo,TZ,-5.0667,32.05,79.97,32,68,2.24,1628879279
381,Vilhena,BR,-12.7406,-60.1458,89.82,23,0,9.22,1628879279
382,Pasni,PK,25.2631,63.471,79.41,82,76,10.87,1628879280
383,Kabalo,CD,-6.05,26.9167,86.79,24,5,2.8,1628879280
384,Turaif,SA,31.6725,38.6637,86.25,26,0,11.5,1628879280
385,Pak Phanang,TH,8.3511,100.202,80.1,81,90,6.02,1628879281
386,Deer Lake,CA,49.1667,-57.4316,84.06,65,75,4.61,1628879281
387,Busembatia,UG,0.7697,33.6131,72.18,66,80,5.93,1628879281
388,Dingle,PH,10.9995,122.6711,76.68,83,64,0.96,1628879282
389,Eenhana,NA,-17.4667,16.3333,74.95,15,3,2.86,1628879282
390,Codrington,AU,-38.2667,141.9667,46.02,95,37,9.01,1628879283
391,Namatanai,PG,-3.6667,152.4333,78.21,81,100,5.88,1628879283
392,Magnitogorsk,RU,53.4186,59.0472,63.43,36,54,6.71,1628879283
393,Nemuro,JP,43.3236,145.575,56.35,75,40,6.04,1628879283
394,Bud,US,39.447,-86.1758,84.04,84,73,4.65,1628879284
395,Clyde River,CA,70.4692,-68.5914,41.23,93,75,17.27,1628879284
396,Vyshkov,RU,52.4764,31.6873,71.49,60,6,5.08,1628879284
397,Atbasar,KZ,51.8,68.3333,56.34,58,62,8.1,1628879285
398,Tarakan,ID,3.3,117.6333,76.5,94,40,3.44,1628879285
399,‘Āhuimanu,US,21.4447,-157.8378,82.11,74,75,13.8,1628879285
400,Namtsy,RU,62.7161,129.6658,59.11,58,49,3.49,1628879285
401,Mitsamiouli,KM,-11.3847,43.2844,77.09,74,3,3.69,1628879286
402,Verkhotur'ye,RU,58.8627,60.8054,59.72,69,27,5.59,1628879286
403,Rørvik,NO,64.8621,11.2373,60.78,88,75,5.75,1628879286
404,Bayir,TR,37.2687,28.2167,86.52,22,0,10.76,1628879287
405,Yanam,IN,16.7333,82.2167,79.84,87,100,3.38,1628879287
406,Keflavik,IS,64.0049,-22.5624,60.53,88,40,10.36,1628879287
407,Caramoan,PH,13.7707,123.8631,80.11,86,11,3.27,1628879287
408,Anadyr,RU,64.75,177.4833,52.3,82,0,4.47,1628879288
409,Talcahuano,CL,-36.7167,-73.1167,53.28,66,75,3.44,1628879288
410,Inta,RU,66.0317,60.1659,61.74,89,100,11.16,1628879288
411,Japura,ID,-0.3167,102.35,75.76,89,100,2.35,1628879289
412,Dubti,ET,11.7361,41.0853,91.76,44,16,5.23,1628879289
413,Baghdad,IQ,33.3406,44.4009,100.31,19,0,3.44,1628879289
414,Taoudenni,ML,22.6783,-3.9836,110.52,9,5,18.45,1628879289
415,Oran,DZ,35.6911,-0.6417,91.33,58,0,10.36,1628879290
416,Tautira,PF,-17.7333,-149.15,77.02,70,92,22.01,1628879290
417,Mogadishu,SO,2.0371,45.3438,76.68,88,37,15.93,1628879290
418,Prado,BR,-17.3411,-39.2208,75.87,60,8,7.65,1628879291
419,Barcelos,PT,41.5388,-8.6151,90.28,53,6,5.14,1628879291
420,Carutapera,BR,-1.195,-46.02,79.88,89,73,10.38,1628879291
421,Inhambane,MZ,-23.865,35.3833,69.78,68,75,18.41,1628879291
422,Sosnovo-Ozerskoye,RU,52.5249,111.5418,53.53,90,91,6.06,1628879292
423,Mabaruma,GY,8.2,-59.7833,87.8,70,40,18.41,1628879292
424,Mayumba,GA,-3.432,10.6554,74.7,85,34,6.06,1628879292
425,Chicama,PE,-7.8447,-79.1469,63.14,59,86,10.56,1628879293
426,Comodoro Rivadavia,AR,-45.8667,-67.5,67.86,15,0,20.71,1628879293
427,Río Gallegos,AR,-51.6226,-69.2181,59.05,36,0,25.32,1628879293
428,Turukhansk,RU,65.8167,87.9833,50.56,63,100,6.35,1628879293
429,Semey,KZ,50.4111,80.2275,55.49,88,99,12.26,1628879294
430,Kabale,UG,-1.2486,29.9899,62.91,80,71,1.34,1628879294
431,Sawākin,SD,19.1059,37.3321,94.73,39,5,7.92,1628879295
432,Bandarbeyla,SO,9.4942,50.8122,76.21,87,3,29.48,1628879295
433,Omboué,GA,-1.5746,9.2618,76.26,82,80,8.66,1628879295
434,Formosa do Rio Preto,BR,-11.0483,-45.1931,93.04,18,12,6.31,1628879296
435,Shawnee,US,39.05,-95.7669,82.33,73,75,1.99,1628879296
436,Yurimaguas,PE,-5.9,-76.0833,87.96,55,58,3.18,1628879296
437,Broome,US,42.2506,-75.833,92.08,61,75,3.0,1628879296
438,Ancud,CL,-41.8697,-73.8203,45.93,81,100,2.21,1628879297
439,Serra Branca,BR,-6.5333,-38.2667,92.5,27,5,6.62,1628879297
440,Vardø,NO,70.3705,31.1107,53.8,100,75,0.0,1628879297
441,São Félix do Xingu,BR,-6.6447,-51.995,99.14,21,99,5.75,1628879298
442,Floriano,BR,-6.7669,-43.0225,98.85,23,16,8.41,1628879291
443,Fairlie,GB,55.756,-4.8556,63.23,78,25,11.01,1628879298
444,Mayor Pablo Lagerenza,PY,-19.9309,-60.7718,66.83,23,100,6.82,1628879298
445,Baft,IR,29.234,56.6057,78.04,13,96,15.5,1628879299
446,Pangai,TO,-19.8,-174.35,69.91,60,20,10.36,1628879299
447,Kismayo,SO,-0.3582,42.5454,76.32,86,66,16.08,1628879299
448,Pangkalanbuun,ID,-2.6833,111.6167,74.39,98,98,2.44,1628879299
449,Minas,UY,-34.3759,-55.2377,54.07,57,19,8.03,1628879300
450,Novoil'insk,RU,51.6829,108.7143,57.0,87,13,3.44,1628879300
451,Akdepe,TM,42.0551,59.3788,75.29,43,0,16.42,1628879300
452,Tūkrah,LY,32.5341,20.5791,82.26,63,0,19.98,1628879301
453,Ulladulla,AU,-35.35,150.4667,48.87,76,0,4.76,1628879301
454,Naantali,FI,60.4674,22.0243,66.61,77,0,6.91,1628879301
455,Hurghada,EG,27.2574,33.8129,88.59,35,0,5.37,1628879302
456,Nipawin,CA,53.3668,-104.0009,75.24,35,1,10.36,1628879292
457,Petukhovo,RU,55.0692,67.9019,56.95,67,32,1.97,1628879302
458,Imbituba,BR,-28.24,-48.6703,62.49,94,89,3.0,1628879302
459,Poum,NC,-20.2333,164.0167,69.24,62,5,11.97,1628879303
460,Alofi,NU,-19.0595,-169.9187,66.09,88,69,6.91,1628879303
461,Dudinka,RU,69.4058,86.1778,51.85,94,100,7.83,1628879303
462,Bilibino,RU,68.0546,166.4372,50.81,87,99,3.71,1628879304
463,Burgeo,CA,47.6167,-57.6152,65.73,98,100,7.27,1628879304
464,Mount Vernon,US,40.9126,-73.8371,98.94,42,20,1.01,1628879304
465,Loreto,MX,22.2667,-101.9667,74.97,32,83,7.99,1628879304
466,Caravelas,BR,-17.7125,-39.2481,76.53,57,14,7.65,1628879305
467,Henties Bay,NA,-22.116,14.2845,57.85,82,13,9.19,1628879305
468,Visnes,NO,59.3556,5.2242,60.85,82,75,8.05,1628879305
469,Samarai,PG,-10.6167,150.6667,76.08,93,100,15.12,1628879305
470,Frankfurt am Main,DE,50.1167,8.6833,81.82,72,20,8.05,1628879186
471,Harper,LR,4.375,-7.7169,77.76,72,98,9.15,1628879306
472,Rock Sound,BS,24.9,-76.2,83.84,71,3,20.62,1628879306
473,Boueni,YT,-12.9025,45.0761,75.18,75,2,9.1,1628879306
474,Tomigusuku,JP,26.185,127.675,81.14,96,40,14.97,1628879307
475,Menzel Salem,TN,35.8567,8.4765,98.6,11,15,13.2,1628879307
476,São João da Barra,BR,-21.6403,-41.0511,75.29,79,23,14.65,1628879264
477,Muromtsevo,RU,56.3724,75.2418,51.01,85,46,5.93,1628879307
478,Mazagão,BR,-0.115,-51.2894,93.25,88,100,2.66,1628879308
479,Bariloche,AR,-41.1456,-71.3082,54.55,42,0,8.28,1628879308
480,Temir,KZ,49.1414,57.13,70.54,23,87,8.3,1628879308
481,Labuhan,ID,-6.8844,112.2051,76.33,87,23,8.5,1628879309
482,Tambun,ID,-6.2641,107.0712,78.69,80,99,3.94,1628879047
483,Wasilla,US,61.5814,-149.4394,56.93,92,90,0.0,1628879023
484,Mazamari,PE,-11.3258,-74.5308,83.79,54,87,2.01,1628879309
485,Zaraza,VE,9.3503,-65.3245,88.81,58,100,6.91,1628879309
486,Xining,CN,36.6167,101.7667,53.96,81,98,2.28,1628879310
487,Makkah al Mukarramah,SA,21.4267,39.8261,91.65,35,5,7.23,1628879170
488,Kushiro,JP,42.975,144.3747,53.98,80,68,2.51,1628879310
489,Lahat,ID,-3.8,103.5333,73.0,91,92,2.19,1628879310
490,Olinda,BR,-8.0089,-34.8553,76.73,65,40,18.41,1628879311
491,Bataiporã,BR,-22.2953,-53.2711,84.06,34,49,4.05,1628879311
492,Vila,PT,42.0304,-8.1588,79.7,50,0,4.81,1628879311
493,Bilma,NE,18.6853,12.9164,99.81,17,1,0.83,1628879293
494,Suez,EG,29.9737,32.5263,85.98,53,0,16.13,1628879206
495,Sungai Penuh,ID,-2.0833,101.3833,63.79,96,59,2.37,1628879312
496,Krasnyy Chikoy,RU,50.3643,108.7512,55.54,94,63,3.56,1628879312
497,Samoylovka,RU,51.184,43.7081,66.87,88,99,13.96,1628879312
498,İnegöl,TR,40.0781,29.5133,72.68,75,40,5.57,1628879313
499,Limbe,CM,4.0242,9.2149,76.93,87,37,8.66,1628879313
500,Arrondissement de Montauban,FR,44.0833,1.5,84.11,57,2,5.21,1628879313
501,Biltine,TD,14.5333,20.9167,75.06,79,95,8.08,1628879314
502,Remedios,CU,22.4947,-79.5458,81.52,76,51,14.54,1628879314
503,Kalemie,CD,-5.9475,29.1947,75.65,63,34,1.25,1628879314
504,Don Luan,VN,11.5333,106.9167,74.82,97,99,3.4,1628879315
505,Boa Vista,BR,2.8197,-60.6733,78.78,83,90,3.44,1628879315
506,Flin Flon,CA,54.7682,-101.865,67.84,42,75,4.61,1628879167
507,Grindavik,IS,63.8424,-22.4338,58.55,88,40,10.36,1628879315
508,Hanko,FI,59.8333,22.95,66.85,78,91,16.24,1628879316
509,Kočevje,SI,45.6433,14.8633,80.49,64,28,2.26,1628879316
510,Doba,TD,8.65,16.85,74.34,91,84,3.02,1628879317
511,Kirensk,RU,57.7853,108.1119,67.01,66,97,4.94,1628879317
512,Shingū,JP,33.7333,135.9833,79.92,93,100,12.86,1628879317
513,Najrān,SA,17.4924,44.1277,92.05,12,44,8.59,1628879317
514,Fort Portal,UG,0.6617,30.2748,60.37,96,84,4.0,1628879167
515,Velizh,RU,55.6056,31.1967,62.29,71,71,3.53,1628879318
516,Goma,CD,-1.6792,29.2228,65.52,84,90,2.71,1628879318
517,Cowra,AU,-33.8333,148.6833,38.1,90,0,1.61,1628879318
518,Antofagasta,CL,-23.65,-70.4,60.08,69,30,9.01,1628879041
519,Mae Hong Son,TH,19.3003,97.9685,75.27,99,98,2.15,1628879319
520,Los Zacatones,MX,22.95,-102.05,73.65,30,94,8.7,1628879319
521,Kysyl-Syr,RU,63.8986,122.7617,59.95,91,54,1.28,1628879319
522,Neryungri,RU,56.6709,124.6491,52.7,86,13,3.56,1628879320
523,Santiago del Estero,AR,-27.7951,-64.2615,62.8,18,0,3.2,1628879320
524,Yar-Sale,RU,66.8333,70.8333,58.37,93,100,2.91,1628879320
525,Mont-Dore,NC,-22.2833,166.5833,62.58,79,70,7.18,1628879321
526,Sabha,LY,27.0377,14.4283,96.98,18,0,15.05,1628879321
527,Carora,VE,10.1755,-70.0827,97.68,26,26,6.58,1628879321
528,Zhangjiakou Shi Xuanhua Qu,CN,40.6103,115.0447,65.77,92,53,5.35,1628879321
529,Khovu-Aksy,RU,51.1333,93.6,61.34,65,100,3.85,1628879322
530,Mendoza,AR,-32.8908,-68.8272,62.13,23,0,8.05,1628879322
531,Khātra,IN,22.9833,86.85,82.47,79,100,7.49,1628879322
532,Phan Thiet,VN,10.9333,108.1,79.0,82,100,6.96,1628879214
533,Agropoli,IT,40.3469,14.9966,88.92,71,19,2.21,1628879323
534,Puttūr,IN,12.7667,75.2167,77.11,95,100,0.47,1628879323
535,Vol'sk,RU,52.0333,47.3833,79.84,25,28,9.15,1628879323
536,Artvin Province,TR,41.1667,41.8333,65.48,95,78,2.59,1628879089
537,Yangliuqing,CN,39.1375,116.9997,75.15,89,18,4.09,1628879324
538,Lichinga,MZ,-13.3128,35.2406,62.69,63,0,10.36,1628879324
539,Bakchar,RU,57.0186,82.0711,52.5,76,55,5.21,1628879325
540,San Patricio,US,28.017,-97.5169,97.02,45,21,10.71,1628879325
541,Nørre Alslev,DK,54.8978,11.8841,68.77,66,100,18.97,1628879325
542,Shenjiamen,CN,29.9576,122.298,80.46,89,100,16.11,1628879325
543,Kungurtug,RU,50.5994,97.5228,54.05,70,82,2.86,1628879326
544,Springbok,ZA,-29.6643,17.8865,47.46,30,0,9.17,1628879326
545,Kuah,MY,6.3265,99.8432,80.58,94,20,0.0,1628879326
546,Talakan,RU,50.3167,130.3667,59.23,85,91,2.17,1628879326
547,Lüderitz,NA,-26.6481,15.1594,65.48,33,0,19.69,1628879327
548,Beringovskiy,RU,63.05,179.3167,49.82,90,100,9.17,1628879327
549,Port Augusta,AU,-32.5,137.7667,41.7,78,3,3.49,1628879299
550,Marihatag,PH,8.7936,126.2969,76.39,89,100,5.39,1628879327
551,Kouqian,CN,43.6391,126.4578,62.96,96,98,3.27,1628879328
552,Lázaro Cárdenas,MX,17.9583,-102.2,84.79,67,96,3.8,1628879328
